{
  "UpgradeSources": [
    {
      "Name": "Github",
      "UpgradeSource": "https://superstudio.github.io/",
      "PluginPath": "SuperPlugins",
      "UpdatePath": "SuperCom-Upgrade",
      "ReleaseUrl": "https://github.com/SuperStudio/SuperCom/releases",
      "FeedbackUrl": "https://github.com/SuperStudio/SuperCom/issues",
      "HelpUrl": "https://github.com/SuperStudio/SuperCom/wiki"
    }
  ],
  "ShowDonate": true,
  "License": "GPL-3.0",
  "Author": "Chao",
  "GitHubUrl": "https://github.com/SuperStudio/SuperCom/",
  "WebUrl": "https://github.com/SuperStudio/SuperCom/",
  "JoinGroupUrl": "http://qm.qq.com/cgi-bin/qm/qr?_wv=1027&k=DLi3-i5Fg4S6HmKIsgmbbDQSh43SIoMa&authKey=0xzvtPutKWz%2BLq%2FQ%2FHVxVYkRFVrwgd8p4roqt0%2BY6tOw%2FjXnfFmYTASoOV%2B5cjRj&noverify=0&group_code=235761688"
}
